dataset,base_dataset,subdataset,fraction,model1,model2,model1_value,model2_value,delta,comparison,task_type,seq_len
cifar10,cifar10,,0.1,lmu,s4,0.5069000124931335,0.5519000291824341,-0.04500001668930054,lmu_vs_s4,multiclass,1024
cifar10,cifar10,,0.1,lmu,mamba,0.5069000124931335,0.4846000075340271,0.022300004959106445,lmu_vs_mamba,multiclass,1024
cifar10,cifar10,,0.1,mamba,s4,0.4846000075340271,0.5519000291824341,-0.06730002164840698,mamba_vs_s4,multiclass,1024
cifar10,cifar10,,0.1,s4,best,0.5519000291824341,0.5519000291824341,0.0,best_model,multiclass,1024
cifar10,cifar10,,0.25,lmu,s4,0.5544999837875366,0.6126000285148621,-0.05810004472732544,lmu_vs_s4,multiclass,1024
cifar10,cifar10,,0.25,lmu,mamba,0.5544999837875366,0.5821999907493591,-0.02770000696182251,lmu_vs_mamba,multiclass,1024
cifar10,cifar10,,0.25,mamba,s4,0.5821999907493591,0.6126000285148621,-0.03040003776550293,mamba_vs_s4,multiclass,1024
cifar10,cifar10,,0.25,s4,best,0.6126000285148621,0.6126000285148621,0.0,best_model,multiclass,1024
cifar10,cifar10,,0.5,lmu,s4,0.59579998254776,0.6406000256538391,-0.0448000431060791,lmu_vs_s4,multiclass,1024
cifar10,cifar10,,0.5,lmu,mamba,0.59579998254776,0.6394000053405762,-0.04360002279281616,lmu_vs_mamba,multiclass,1024
cifar10,cifar10,,0.5,mamba,s4,0.6394000053405762,0.6406000256538391,-0.0012000203132629395,mamba_vs_s4,multiclass,1024
cifar10,cifar10,,0.5,s4,best,0.6406000256538391,0.6406000256538391,0.0,best_model,multiclass,1024
cifar10,cifar10,,1.0,lmu,s4,0.6492999792098999,0.7421000003814697,-0.09280002117156982,lmu_vs_s4,multiclass,1024
cifar10,cifar10,,1.0,lmu,mamba,0.6492999792098999,0.6829000115394592,-0.033600032329559326,lmu_vs_mamba,multiclass,1024
cifar10,cifar10,,1.0,mamba,s4,0.6829000115394592,0.7421000003814697,-0.0591999888420105,mamba_vs_s4,multiclass,1024
cifar10,cifar10,,1.0,s4,best,0.7421000003814697,0.7421000003814697,0.0,best_model,multiclass,1024
listops,listops,,0.1,lmu,s4,0.3700000047683716,0.3684999942779541,0.0015000104904174805,lmu_vs_s4,multiclass,2000
listops,listops,,0.1,lmu,mamba,0.3700000047683716,0.17800000309944153,0.19200000166893005,lmu_vs_mamba,multiclass,2000
listops,listops,,0.1,mamba,s4,0.17800000309944153,0.3684999942779541,-0.19049999117851257,mamba_vs_s4,multiclass,2000
listops,listops,,0.1,lmu,best,0.3700000047683716,0.3700000047683716,0.0,best_model,multiclass,2000
listops,listops,,0.25,lmu,s4,0.375,0.37549999356269836,-0.0004999935626983643,lmu_vs_s4,multiclass,2000
listops,listops,,0.25,lmu,mamba,0.375,0.23250000178813934,0.14249999821186066,lmu_vs_mamba,multiclass,2000
listops,listops,,0.25,mamba,s4,0.23250000178813934,0.37549999356269836,-0.14299999177455902,mamba_vs_s4,multiclass,2000
listops,listops,,0.25,s4,best,0.37549999356269836,0.37549999356269836,0.0,best_model,multiclass,2000
listops,listops,,0.5,lmu,s4,0.38199999928474426,0.3799999952316284,0.0020000040531158447,lmu_vs_s4,multiclass,2000
listops,listops,,0.5,lmu,mamba,0.38199999928474426,0.3720000088214874,0.009999990463256836,lmu_vs_mamba,multiclass,2000
listops,listops,,0.5,mamba,s4,0.3720000088214874,0.3799999952316284,-0.007999986410140991,mamba_vs_s4,multiclass,2000
listops,listops,,0.5,lmu,best,0.38199999928474426,0.38199999928474426,0.0,best_model,multiclass,2000
listops,listops,,1.0,lmu,s4,0.3880000114440918,0.4235000014305115,-0.03549998998641968,lmu_vs_s4,multiclass,2000
listops,listops,,1.0,lmu,mamba,0.3880000114440918,0.4284999966621399,-0.040499985218048096,lmu_vs_mamba,multiclass,2000
listops,listops,,1.0,mamba,s4,0.4284999966621399,0.4235000014305115,0.004999995231628418,mamba_vs_s4,multiclass,2000
listops,listops,,1.0,mamba,best,0.4284999966621399,0.4284999966621399,0.0,best_model,multiclass,2000
ppg,ppg,,0.1,lmu,s4,6.752946853637695,10.14918041229248,3.396233558654785,lmu_vs_s4,regression,800
ppg,ppg,,0.1,lmu,mamba,6.752946853637695,10.23939037322998,3.486443519592285,lmu_vs_mamba,regression,800
ppg,ppg,,0.1,mamba,s4,10.23939037322998,10.14918041229248,-0.0902099609375,mamba_vs_s4,regression,800
ppg,ppg,,0.1,lmu,best,6.752946853637695,6.752946853637695,0.0,best_model,regression,800
ppg,ppg,,0.25,lmu,s4,6.391145706176758,11.611741065979004,5.220595359802246,lmu_vs_s4,regression,800
ppg,ppg,,0.25,lmu,mamba,6.391145706176758,11.092452049255371,4.701306343078613,lmu_vs_mamba,regression,800
ppg,ppg,,0.25,mamba,s4,11.092452049255371,11.611741065979004,0.5192890167236328,mamba_vs_s4,regression,800
ppg,ppg,,0.25,lmu,best,6.391145706176758,6.391145706176758,0.0,best_model,regression,800
ppg,ppg,,0.5,lmu,s4,6.530625820159912,6.9746198654174805,0.44399404525756836,lmu_vs_s4,regression,800
ppg,ppg,,0.5,lmu,mamba,6.530625820159912,11.003999710083008,4.473373889923096,lmu_vs_mamba,regression,800
ppg,ppg,,0.5,mamba,s4,11.003999710083008,6.9746198654174805,-4.029379844665527,mamba_vs_s4,regression,800
ppg,ppg,,0.5,lmu,best,6.530625820159912,6.530625820159912,0.0,best_model,regression,800
ppg,ppg,,1.0,lmu,s4,6.769993782043457,4.814316272735596,-1.9556775093078613,lmu_vs_s4,regression,800
ppg,ppg,,1.0,lmu,mamba,6.769993782043457,8.975374221801758,2.205380439758301,lmu_vs_mamba,regression,800
ppg,ppg,,1.0,mamba,s4,8.975374221801758,4.814316272735596,-4.161057949066162,mamba_vs_s4,regression,800
ppg,ppg,,1.0,s4,best,4.814316272735596,4.814316272735596,0.0,best_model,regression,800
psmnist,psmnist,,0.1,lmu,s4,0.9154000282287598,0.741100013256073,0.17430001497268677,lmu_vs_s4,multiclass,784
psmnist,psmnist,,0.1,lmu,mamba,0.9154000282287598,0.2775000035762787,0.6379000246524811,lmu_vs_mamba,multiclass,784
psmnist,psmnist,,0.1,mamba,s4,0.2775000035762787,0.741100013256073,-0.4636000096797943,mamba_vs_s4,multiclass,784
psmnist,psmnist,,0.1,lmu,best,0.9154000282287598,0.9154000282287598,0.0,best_model,multiclass,784
psmnist,psmnist,,0.25,lmu,s4,0.9413999915122986,0.8758000135421753,0.06559997797012329,lmu_vs_s4,multiclass,784
psmnist,psmnist,,0.25,lmu,mamba,0.9413999915122986,0.46299999952316284,0.47839999198913574,lmu_vs_mamba,multiclass,784
psmnist,psmnist,,0.25,mamba,s4,0.46299999952316284,0.8758000135421753,-0.41280001401901245,mamba_vs_s4,multiclass,784
psmnist,psmnist,,0.25,lmu,best,0.9413999915122986,0.9413999915122986,0.0,best_model,multiclass,784
psmnist,psmnist,,0.5,lmu,s4,0.9474999904632568,0.9200000166893005,0.0274999737739563,lmu_vs_s4,multiclass,784
psmnist,psmnist,,0.5,lmu,mamba,0.9474999904632568,0.6349999904632568,0.3125,lmu_vs_mamba,multiclass,784
psmnist,psmnist,,0.5,mamba,s4,0.6349999904632568,0.9200000166893005,-0.2850000262260437,mamba_vs_s4,multiclass,784
psmnist,psmnist,,0.5,lmu,best,0.9474999904632568,0.9474999904632568,0.0,best_model,multiclass,784
psmnist,psmnist,,1.0,lmu,s4,0.9624000191688538,0.9704999923706055,-0.008099973201751709,lmu_vs_s4,multiclass,784
psmnist,psmnist,,1.0,lmu,mamba,0.9624000191688538,0.8938000202178955,0.06859999895095825,lmu_vs_mamba,multiclass,784
psmnist,psmnist,,1.0,mamba,s4,0.8938000202178955,0.9704999923706055,-0.07669997215270996,mamba_vs_s4,multiclass,784
psmnist,psmnist,,1.0,s4,best,0.9704999923706055,0.9704999923706055,0.0,best_model,multiclass,784
qqp,qqp,,0.1,lmu,s4,0.6033831747470171,0.5853715260281406,0.018011648718876505,lmu_vs_s4,binary,129
qqp,qqp,,0.1,lmu,mamba,0.6033831747470171,0.0014594666312856574,0.6019237081157314,lmu_vs_mamba,binary,129
qqp,qqp,,0.1,mamba,s4,0.0014594666312856574,0.5853715260281406,-0.5839120593968549,mamba_vs_s4,binary,129
qqp,qqp,,0.1,lmu,best,0.6033831747470171,0.6033831747470171,0.0,best_model,binary,129
qqp,qqp,,0.25,lmu,s4,0.6336134453781512,0.6629857422421023,-0.029372296863951042,lmu_vs_s4,binary,129
qqp,qqp,,0.25,lmu,mamba,0.6336134453781512,0.6012044033600552,0.032409042018096024,lmu_vs_mamba,binary,129
qqp,qqp,,0.25,mamba,s4,0.6012044033600552,0.6629857422421023,-0.061781338882047065,mamba_vs_s4,binary,129
qqp,qqp,,0.25,s4,best,0.6629857422421023,0.6629857422421023,0.0,best_model,binary,129
qqp,qqp,,0.5,lmu,s4,0.6598122485471614,0.7061596589136538,-0.04634741036649248,lmu_vs_s4,binary,129
qqp,qqp,,0.5,lmu,mamba,0.6598122485471614,0.6442460831882663,0.015566165358895101,lmu_vs_mamba,binary,129
qqp,qqp,,0.5,mamba,s4,0.6442460831882663,0.7061596589136538,-0.06191357572538758,mamba_vs_s4,binary,129
qqp,qqp,,0.5,s4,best,0.7061596589136538,0.7061596589136538,0.0,best_model,binary,129
qqp,qqp,,1.0,lmu,s4,0.6903107334461528,0.7104247104247104,-0.020113976978557657,lmu_vs_s4,binary,129
qqp,qqp,,1.0,lmu,mamba,0.6903107334461528,0.679679716615623,0.010631016830529805,lmu_vs_mamba,binary,129
qqp,qqp,,1.0,mamba,s4,0.679679716615623,0.7104247104247104,-0.030744993809087462,mamba_vs_s4,binary,129
qqp,qqp,,1.0,s4,best,0.7104247104247104,0.7104247104247104,0.0,best_model,binary,129
